Variable,Mean,Median,Min,Max,SD
displ,3.471794871794872,3.3,1.6,7,1.2919590310839348
cyl,5.888888888888889,6,4,8,1.611534484684289
cty,16.858974358974358,17,9,35,4.255945678889395
hwy,23.44017094017094,24,12,44,5.954643441166446
